position_x,position_y,velocity_x,velocity_y
4218.004480932729,-2470.7464887075607,1.8163889663147046,-0.889762094711877
0.0,0.0,0.0,0.0
4217.801777724448,-2470.7244740159526,1.2754068280797732,-1.2018593499876589
0.0,0.0,0.0,0.0
4218.138844942808,-2470.76265905505,2.4116217929098296,-1.4391416185248331
0.0,0.0,0.0,0.0
4218.102279026631,-2470.777175756683,2.6598088968426445,-1.5287865352638965
4217.999069163142,-2470.7131366423164,2.1509083220279215,-1.1888435005802191
0.0,0.0,0.0,0.0
4218.142951682662,-2471.0801214365106,2.3929534706142674,-2.5586836872228624
0.0,0.0,0.0,0.0
4217.926275959234,-2470.93441668122,1.3962480607216832,-2.451359789505772
4217.698222657316,-2470.8370747673903,-0.1886522336810299,-1.8024022413649328
0.0,0.0,0.0,0.0
4217.5741420344975,-2470.5607680480507,-1.5227583774981959,-0.13061378298241544
0.0,0.0,0.0,0.0
4217.6647641972195,-2470.403331901674,-1.679213491548659,1.4053330203209515
0.0,0.0,0.0,0.0
4217.629063500374,-2470.282524384009,-1.7893116174164676,2.54987863999909
4217.582589946713,-2470.282190292796,-1.9416701572027042,2.978881801516624
0.0,0.0,0.0,0.0
4218.010559587889,-2470.5320122221046,0.018421120892108345,1.879611575580996
0.0,0.0,0.0,0.0
4218.442349764262,-2470.4650908606636,2.8968208064471814,1.5126949411785175
4218.14055401815,-2470.476563396907,2.7938599010343217,1.1812412237761178
0.0,0.0,0.0,0.0
4218.120191979369,-2470.517203346377,2.4707550465623713,0.7586300750829926
0.0,0.0,0.0,0.0
4217.88859628086,-2470.645973740305,1.1367800853680292,-0.05491092114102514
4218.058345264485,-2470.742409751154,1.1355472603381276,-0.9112647820141578
0.0,0.0,0.0,0.0
4218.18909851715,-2470.8287310791375,1.639998066432653,-1.6476322535080032
0.0,0.0,0.0,0.0
4217.864525756588,-2470.4626292250446,0.3374241287669424,-0.2752029213042724
4218.057719769614,-2470.6313087577364,0.5314418902340353,-0.32922343958672756
0.0,0.0,0.0,0.0
4218.081624764586,-2470.5819937869146,0.68862270450578,-0.11729432765279377
0.0,0.0,0.0,0.0
4217.95045610595,-2470.76324580797,0.14061664403593027,-0.8124097248628526
0.0,0.0,0.0,0.0
4217.865508165857,-2470.789334675481,-0.5105958066281058,-1.2091151916840632
4217.817194324159,-2470.601686406472,-1.0095987537982336,-0.49355181747387045
0.0,0.0,0.0,0.0
4217.658252147583,-2470.6503692179253,-1.8979494402080603,-0.322445786101334
0.0,0.0,0.0,0.0
4217.538817364796,-2470.6726226667997,-2.723631013338175,-0.3159867784260625
0.0,0.0,0.0,0.0
4217.979812732567,-2470.6217443998917,-1.0800556740863014,-0.08637400577842122
4217.751309783497,-2470.5962052538534,-1.0375574711088305,0.1774053857619023
0.0,0.0,0.0,0.0
4218.254908639413,-2470.673645209902,1.4528411384198452,-0.06948731998745511
0.0,0.0,0.0,0.0
4218.432811391988,-2470.7681104420526,3.3835450025725087,-0.6202962032426396
4218.430644639167,-2470.688718304298,4.093355943263406,-0.49349134611621087
0.0,0.0,0.0,0.0
4218.304180651983,-2470.7811446337155,3.6002758138032713,-0.801889655658135
0.0,0.0,0.0,0.0
4218.251436675609,-2470.731705782912,2.889265450647324,-0.6876332995995619
0.0,0.0,0.0,0.0
4218.061661097956,-2470.8385518044206,1.5168587194066534,-1.0556846800894069
4217.861199964068,-2470.7089673446285,-0.15665335198903207,-0.59565828500757
0.0,0.0,0.0,0.0
4217.7044686822765,-2470.7473703543874,-1.7130001759676763,-0.4966026416325202
0.0,0.0,0.0,0.0
4218.2891923504485,-2470.8452629061917,0.23809865021333976,-0.8436156772333622
4217.997837094521,-2470.8335448362413,-0.09664698767118376,-0.9078849110549162
0.0,0.0,0.0,0.0
4218.005115122728,-2470.7353838819026,-0.23340771264349097,-0.4418345997212127
0.0,0.0,0.0,0.0
4217.9805475116245,-2470.7497125232917,-0.39203575150635095,-0.2522859333426128
4217.855225576389,-2470.649382818279,-1.0078763174124115,0.3082305929969265
0.0,0.0,0.0,0.0
4217.8716061579835,-2470.655197077647,-1.1686595537117497,0.5354506055074488
0.0,0.0,0.0,0.0
4217.91880228295,-2470.719415322578,-0.9583235783686078,0.3265612159235659
4217.807692147926,-2470.7238334243475,-1.2892361277020752,0.17854008435928287
0.0,0.0,0.0,0.0
4217.713418271981,-2470.76949503445,-1.7858244142825423,-0.10938183878781763
4217.720770396231,-2470.4941654541967,-1.8734498906270578,0.9726803989813505
0.0,0.0,0.0,0.0
4217.565352943598,-2470.5035070528274,-2.4903050772275996,1.4127064473509359
4217.593622814646,-2470.648882074911,-2.504820850108809,0.8898953802192813
0.0,0.0,0.0,0.0
4217.657956234483,-2470.5137048956326,-2.058267262577915,1.1708673743586502
0.0,0.0,0.0,0.0
4217.641774742428,-2470.5427382638563,-1.7742933545135178,1.113906943547506
4193.416864904648,-2470.073700764046,-109.01207336962226,3.0925056848917136
0.0,0.0,0.0,0.0
4147.764091138791,-2469.293222616687,-358.3984326632131,7.348609518627858
0.0,0.0,0.0,0.0
4090.2000349990303,-2467.7209808737193,-712.8822543740614,15.934604860458077
0.0,0.0,0.0,0.0
4025.8863080182414,-2465.2578834359906,-1115.0404233606578,29.727544590647916
3964.988502337385,-2462.5090655274607,-1527.7052381654307,47.36750985050299
0.0,0.0,0.0,0.0
3901.2384163242705,-2459.720356833681,-1906.4046376000506,65.04992096822168
0.0,0.0,0.0,0.0
3843.2745205209517,-2457.4481262464697,-2227.3523757915355,79.66827706426699
3787.5237260792987,-2455.7512521970693,-2491.1568808221577,89.34108767391939
0.0,0.0,0.0,0.0
3731.6056794327915,-2453.488575580759,-2692.4458715223673,97.79008895784777
0.0,0.0,0.0,0.0
3679.6473087168074,-2450.8748603589265,-2850.5313421299015,107.3246761745107
3629.0302213617065,-2448.744704387,-2973.7033185466626,114.76255161274605
0.0,0.0,0.0,0.0
3575.238063918664,-2445.892469571563,-3057.9717010669183,122.66150030706227
0.0,0.0,0.0,0.0
3528.2735667120846,-2443.7076629389867,-3133.0121075294946,129.4099246182874
0.0,0.0,0.0,0.0
3477.3637126535386,-2442.4977377927794,-3188.923850672709,129.5039382236165
3426.0030576552917,-2440.9940428371146,-3220.420165300957,127.20081160095307
0.0,0.0,0.0,0.0
3378.616222306018,-2438.9603583399344,-3248.3851454341493,127.21412897990112
0.0,0.0,0.0,0.0
3329.4758381504134,-2436.85190690334,-3262.78123238604,128.06827316228996
3281.6291968295996,-2435.136887740015,-3268.6292955274675,127.71710858976547
0.0,0.0,0.0,0.0
3234.932505126113,-2433.3484148025145,-3266.19570138707,127.17407525170928
0.0,0.0,0.0,0.0
3187.6741790790265,-2431.268685579003,-3250.2446906955047,127.38977323682123
0.0,0.0,0.0,0.0
3142.6980333369297,-2429.664940232015,-3237.3995344757313,126.60227466402088
3096.681033809708,-2427.9249838950395,-3224.733425747356,125.70003092659215
0.0,0.0,0.0,0.0
3051.4585373161067,-2426.0441803633857,-3207.901074037125,125.3675278274531
0.0,0.0,0.0,0.0
3006.791385991033,-2424.122648050298,-3192.021344819549,125.69434882173962
2961.2630925149006,-2422.1881695375505,-3166.5539722450376,125.77001839649243
0.0,0.0,0.0,0.0
2917.4395817228506,-2420.4026705214555,-3134.125073251377,125.20703381260624
0.0,0.0,0.0,0.0
2876.3610305067236,-2419.0777928626408,-3106.225594875911,123.04978164100392
0.0,0.0,0.0,0.0
2833.409849601372,-2417.7787250131073,-3075.605333543019,119.53743655596713
2791.9886139356945,-2415.86606456836,-3043.0557520931407,118.46944861647673
0.0,0.0,0.0,0.0
2751.2534741648883,-2414.5390036356107,-3014.1310736478736,116.28627128556741
0.0,0.0,0.0,0.0
2709.120733112521,-2413.319416641662,-2980.9574311918627,112.70574963762915
2669.111081538927,-2411.8686971416864,-2948.4129782117334,110.04415289563595
0.0,0.0,0.0,0.0
2629.424377471572,-2410.124421934847,-2922.6225878648056,109.53078858645327
0.0,0.0,0.0,0.0
2587.200921208686,-2408.409750087435,-2887.667356707175,109.00735615708363
2549.4704904921905,-2406.6906145815997,-2866.800892975393,109.96476787339196
0.0,0.0,0.0,0.0
2508.0469983961652,-2405.139157605531,-2849.4474343421352,109.98613150542285
0.0,0.0,0.0,0.0
2466.495061116338,-2403.5027325011674,-2827.9524894540637,109.62928249563646
0.0,0.0,0.0,0.0
2427.2736606525987,-2401.6847411110275,-2816.687495291583,110.76739436064918
2386.035165273912,-2400.8210018276973,-2802.2810991485903,107.61318013191453
0.0,0.0,0.0,0.0
2346.1240776964555,-2399.6006020335094,-2789.4602341685395,104.447620858405
0.0,0.0,0.0,0.0
2307.022172108416,-2398.1541416295163,-2779.7540749038117,102.6561362913439
2266.297926891977,-2396.729325545,-2770.6249452058596,101.268596125548
0.0,0.0,0.0,0.0
2225.4662075103756,-2395.0835165612575,-2757.576300972898,100.95675594495405
0.0,0.0,0.0,0.0
2187.284651822536,-2393.460382610497,-2753.649887709956,101.9117149333704
0.0,0.0,0.0,0.0
2144.5972840142135,-2392.1365333745134,-2747.906602973491,101.09444558800851
2106.9495748374466,-2390.715478395888,-2745.8502133353823,100.86784892573952
0.0,0.0,0.0,0.0
2067.0180522922915,-2389.355368794476,-2741.738316773766,100.16580458517284
0.0,0.0,0.0,0.0
2025.7637679490902,-2388.424790569285,-2730.975109413683,96.989609395166
1988.4061640586337,-2387.375236980735,-2722.779315740456,94.03006784930092
0.0,0.0,0.0,0.0
1947.1263282499365,-2385.8639300114655,-2712.910590521627,92.79173656041212
0.0,0.0,0.0,0.0
0.0,0.0,0.0,0.0
1901.691207436267,-2384.2430496823167,-2648.3657452864295,90.50072937098814
1876.5809032929128,-2383.9185163014063,-2618.662920678106,87.02921638510998
1836.7765428066027,-2381.9319175040187,-2628.4076319555707,89.27550906168652
0.0,0.0,0.0,0.0
1793.522919191315,-2379.2831692266614,-2653.9573835513565,96.5047967988121
0.0,0.0,0.0,0.0
1751.9387159358082,-2377.8438558148714,-2680.4046035765086,100.25830026748531
1711.680598091772,-2376.303536432797,-2696.502120671268,102.37808565470658
0.0,0.0,0.0,0.0
1672.6620542507392,-2374.919794991969,-2706.0764259264374,103.06341632630411
0.0,0.0,0.0,0.0
1632.53544364455,-2374.027249014457,-2710.9033168685933,100.58142451224882
1592.1095640414783,-2372.909964022132,-2698.5495657819806,97.21412550389748
0.0,0.0,0.0,0.0
1556.7361320449247,-2371.9415586579203,-2691.219636202541,94.0337204051875
0.0,0.0,0.0,0.0
1516.8549415626153,-2371.015333314979,-2682.0420394375014,90.23074798778708
1477.860985359137,-2369.6355470262724,-2674.9955480773137,88.5693994725988
0.0,0.0,0.0,0.0
1440.3773250646009,-2368.558711338476,-2670.3585289244193,86.95703860587831
0.0,0.0,0.0,0.0
1400.236288072254,-2367.1092293532247,-2662.343888850553,86.62328650325064
0.0,0.0,0.0,0.0
1361.4238427751818,-2366.03654673978,-2654.6516640203627,85.49820679706924
1324.4412135313746,-2364.533011195908,-2646.6413994142317,86.19431205704018
0.0,0.0,0.0,0.0
1285.2188221972663,-2363.1357816510113,-2645.366705429612,87.16231527184647
0.0,0.0,0.0,0.0
1246.942830251432,-2362.344418594852,-2642.7850200436205,85.48316141614985
1207.9052510820982,-2361.416718383663,-2638.984807846608,83.09645166629623
0.0,0.0,0.0,0.0
1169.5511781666958,-2360.2443591282217,-2626.02549728587,81.44287678508198
0.0,0.0,0.0,0.0
1133.0327683547323,-2359.272414004347,-2617.550963113291,79.82695338115384
0.0,0.0,0.0,0.0
1093.7187455281748,-2357.861466203962,-2611.537568842367,79.92440420255218
1055.7541333230122,-2356.441718145656,-2603.0472127970315,80.9409790809003
0.0,0.0,0.0,0.0
1018.6077644874513,-2354.6349119318816,-2601.6184224377243,84.46849755169188
0.0,0.0,0.0,0.0
978.9015124252925,-2353.270197927421,-2596.3999388487373,86.33260513640766
941.6405524130719,-2352.5082939889835,-2590.8801145162442,85.05025342452427
0.0,0.0,0.0,0.0
902.8338279428466,-2351.061875469667,-2590.1716822886037,85.2500419178736
0.0,0.0,0.0,0.0
864.6333350817654,-2350.070556052276,-2588.226380207769,84.11681927752917
827.2488896902612,-2349.2053883736967,-2587.318622608511,81.99248599770341
0.0,0.0,0.0,0.0
789.7171567944863,-2347.720468139089,-2589.012776185999,82.32083758300352
0.0,0.0,0.0,0.0
750.667011135533,-2345.7493252801137,-2584.2412925720478,85.50664378581118
0.0,0.0,0.0,0.0
714.8393789029042,-2345.222158107044,-2579.633150639371,84.112634415257
676.1237958720837,-2344.4311311942424,-2579.2931209608982,81.39331678279216
0.0,0.0,0.0,0.0
637.8963027312004,-2343.120542375113,-2576.5192090123983,80.44440082965043
0.0,0.0,0.0,0.0
601.4552501378015,-2341.854459430678,-2574.4232128749736,80.5176164828981
562.1541484378779,-2341.140966525856,-2566.3826258341815,78.07717150565334
0.0,0.0,0.0,0.0
526.196955620409,-2339.802361837219,-2557.907761045517,77.80189716330455
0.0,0.0,0.0,0.0
489.6477855874934,-2338.2149047026664,-2551.806699552457,79.73354756750052
452.23631474193326,-2336.9912703927716,-2549.816311443794,80.96816782908297
0.0,0.0,0.0,0.0
414.1079412818076,-2335.772919212168,-2550.64781238594,81.66732943009076
0.0,0.0,0.0,0.0
376.7693770069589,-2334.6147298931264,-2549.3903012289643,81.79312674898797
0.0,0.0,0.0,0.0
338.35652667557065,-2332.916795226898,-2542.7431176678438,83.6969100008559
302.181172733444,-2331.5113838731436,-2537.8829940355554,85.55780808078396
0.0,0.0,0.0,0.0
266.0405491489029,-2330.4771230256497,-2531.1960856445503,85.51438566262323
0.0,0.0,0.0,0.0
228.80668793418323,-2329.502280860071,-2524.3730426118036,84.1190518747554
191.62196909376578,-2328.3689565934005,-2521.4829100729207,82.97462906117354
0.0,0.0,0.0,0.0
153.74791726388545,-2327.6217229975746,-2517.4540149983236,80.13491889905173
0.0,0.0,0.0,0.0
118.13924679030164,-2326.2616601536984,-2515.836430053088,79.72316505603199
0.0,0.0,0.0,0.0
81.0207927233906,-2325.333902734628,-2511.323531941396,78.303130225729
43.799251567657585,-2323.8747727424725,-2502.3535401064078,78.71658720280523
0.0,0.0,0.0,0.0
8.612635551572481,-2322.561376402914,-2501.39321000954,79.97122840646367
0.0,0.0,0.0,0.0
-29.86856333153552,-2321.1676805497696,-2502.6548586997615,81.35702119285912
0.0,0.0,0.0,0.0
-67.16778234340345,-2320.227740193,-2496.389715063696,80.60578067343431
-101.59100534490733,-2319.213176651787,-2494.9767794530726,79.84113682403125
0.0,0.0,0.0,0.0
-138.59065117669894,-2318.5766540894992,-2494.714411469675,77.03319620182886
0.0,0.0,0.0,0.0
-175.78485769852566,-2317.2301965012575,-2494.3108458146226,76.52705139035693
-211.77947348164062,-2315.792985183312,-2491.072060148001,77.66059502231907
0.0,0.0,0.0,0.0
-249.6029057342535,-2314.983894851982,-2485.8807983211527,76.46884101798481
0.0,0.0,0.0,0.0
-284.475800349867,-2314.000369264976,-2485.3208808525046,75.52319136619445
-321.53112909857225,-2312.3261355406644,-2482.045208618488,77.40493671856686
0.0,0.0,0.0,0.0
-358.6060233484491,-2310.920323989014,-2471.9390004391726,79.12575385946751
0.0,0.0,0.0,0.0
-392.56642946304515,-2309.63436409855,-2470.43576928499,81.03866750682121
-429.774175407981,-2308.2859432912223,-2468.4234202935895,82.48938424968969
0.0,0.0,0.0,0.0
-466.15352244433967,-2307.5354659370732,-2465.218431298772,81.06787729917758
0.0,0.0,0.0,0.0
-501.50163229099144,-2306.0725201411988,-2465.3686796009783,81.75297126308791
0.0,0.0,0.0,0.0
-537.7799414769108,-2305.0515156090237,-2466.355784031054,81.30955458756856
-573.7751681888693,-2303.471684155659,-2465.2644265075355,82.78753865804255
0.0,0.0,0.0,0.0
-610.3011277668701,-2302.670620551279,-2460.4955864564195,81.48713869696644
0.0,0.0,0.0,0.0
-646.2230798608281,-2301.1397254596477,-2453.004252930897,82.18311830712689
-681.2881417219278,-2300.2493839685562,-2444.0688164960543,81.09213792665074
0.0,0.0,0.0,0.0
-716.3489126809877,-2298.7996786591757,-2439.9875500516882,81.83882700211107
0.0,0.0,0.0,0.0
-752.9560605995144,-2297.156454798858,-2433.150184881408,83.86332120049059
-787.9898575848766,-2296.1685935010323,-2437.712422754006,84.19673039065106
0.0,0.0,0.0,0.0
-825.0717598599207,-2295.0302591514624,-2438.9387411722864,83.69279199825256
0.0,0.0,0.0,0.0
0.0,0.0,0.0,0.0
-865.959758841994,-2294.1029507323888,-2390.794966398111,79.9661747923953
-890.2712698146609,-2293.3761170127873,-2374.6183714217896,77.70421134134216
-927.6156867998386,-2292.51876404003,-2381.1225098521327,75.37500260935442
0.0,0.0,0.0,0.0
-964.6605727160303,-2291.0542572728946,-2400.8395899433885,76.08211482071773
0.0,0.0,0.0,0.0
-1001.5701566524226,-2289.347591320193,-2418.1292266123346,79.08262615504779
0.0,0.0,0.0,0.0
-1038.3449604053965,-2287.7650620457366,-2421.4208852733523,82.01393897307958
-1073.0518845510198,-2286.497713482387,-2425.291818884266,83.98544834763072
0.0,0.0,0.0,0.0
-1107.3432868174755,-2285.1843055273375,-2427.843060825342,85.56843205779212
0.0,0.0,0.0,0.0
-1144.3489037594509,-2283.678853731303,-2424.377145542917,87.04081355843853
-1178.4295150953994,-2282.7337634410264,-2420.6607574441723,86.47302311923478
0.0,0.0,0.0,0.0
-1213.6406598956175,-2282.2585072488328,-2414.9377964085647,82.58099103040232
0.0,0.0,0.0,0.0
-1249.4553691735277,-2281.0098263064865,-2405.064691006678,80.57238185787477
-1282.2655892615046,-2279.500772073444,-2400.325266913393,81.3903942473319
0.0,0.0,0.0,0.0
-1318.2112599968548,-2278.670273760789,-2394.2573360858987,79.9350299889713
0.0,0.0,0.0,0.0
-1352.7023777549482,-2277.706870724291,-2391.3888214302297,78.37308195068147
-1387.2746314223139,-2276.205063468122,-2387.565026465981,79.16436924426833
0.0,0.0,0.0,0.0
-1422.5297882635616,-2274.8292478410663,-2381.994167400657,80.340571195755
0.0,0.0,0.0,0.0
-1457.00654616667,-2273.7607939387403,-2377.99808135895,80.46512559410999
-1492.0582852150812,-2272.0456857573135,-2371.8224052861106,82.7186301949291
-1527.904847653657,-2270.4946964311926,-2363.7449752684797,84.93514211076122
0.0,0.0,0.0,0.0
-1560.5743080447887,-2269.827220003754,-2363.0420930948453,83.9312892721898
0.0,0.0,0.0,0.0
-1596.2607663921835,-2269.254985288848,-2362.1680323488918,80.3344729119294
-1630.530871395851,-2267.38173453192,-2357.559821753612,81.56027567106688
0.0,0.0,0.0,0.0
-1664.2035577049987,-2266.1354023312265,-2353.6947439651135,82.48207464919842
0.0,0.0,0.0,0.0
-1698.5785666568481,-2265.424407544058,-2351.678760357985,80.73449268516575
0.0,0.0,0.0,0.0
-1734.0702672047187,-2264.2470932706783,-2348.7135116829795,79.63935764853986
-1767.4170817246913,-2262.788303346454,-2348.5492588085835,80.59680037989637
0.0,0.0,0.0,0.0
-1802.5290394250694,-2261.7685714500303,-2345.04230287046,80.12290613349626
0.0,0.0,0.0,0.0
-1836.4661106965343,-2260.9905322881054,-2342.5769625117623,78.16655167587798
-1871.806608003012,-2259.133394915804,-2333.9447844791725,79.94978877651985
0.0,0.0,0.0,0.0
-1904.6747106862283,-2258.054475235109,-2327.5474723879397,80.57056658771907
0.0,0.0,0.0,0.0
-1937.4732400034056,-2256.8142756280095,-2325.4982112969365,81.39918371850304
-1972.8911292775363,-2255.7535911557698,-2324.5679149953785,81.00757570321227
0.0,0.0,0.0,0.0
-2007.6567991100871,-2254.498889068292,-2322.6134103647937,80.95439786559808
0.0,0.0,0.0,0.0
-2040.5621157792853,-2253.3703991327643,-2322.9702709521534,80.89196181416524
0.0,0.0,0.0,0.0
-2075.4936522286885,-2252.0235779458694,-2322.854668610674,81.43017038936931
-2109.658318204011,-2251.3938179246234,-2324.615840930853,79.23357594015242
0.0,0.0,0.0,0.0
-2143.5971572118765,-2250.499428318327,-2324.000267577896,76.93234060580819
0.0,0.0,0.0,0.0
-2178.0114847410878,-2248.9813661544345,-2314.995680686571,77.2027663278325
-2210.5582316085306,-2247.5251254045593,-2311.0611412990397,79.01892518841603
0.0,0.0,0.0,0.0
-2243.8654064490297,-2246.023382140748,-2307.8070999278134,81.49953567304124
0.0,0.0,0.0,0.0
-2278.8155281715503,-2244.8147468856687,-2299.5223083805995,82.32549798158844
-2310.1705348210753,-2243.843163965677,-2296.0109203294164,82.10295564896417
0.0,0.0,0.0,0.0
-2345.4964028264317,-2242.2738379514662,-2295.391615364281,83.39098745346195
0.0,0.0,0.0,0.0
-2379.9454653922576,-2241.31692169405,-2293.9430907290766,82.6788514852145
0.0,0.0,0.0,0.0
-2412.2062729545323,-2240.1779358367203,-2290.307786844805,82.11060900704356
-2445.756226732788,-2239.16186478425,-2287.6884590504606,80.96917095273204
0.0,0.0,0.0,0.0
-2479.7223959598196,-2238.1860017685167,-2287.8830646782285,79.45093202272824
0.0,0.0,0.0,0.0
-2513.063592242531,-2236.6825759603116,-2288.105028442765,80.24062728869677
0.0,0.0,0.0,0.0
-2548.6698493796666,-2236.1102628913113,-2280.9130820936707,77.42216966368525
-2580.133094739423,-2235.0356478075432,-2273.5222454216673,75.89378972740951
0.0,0.0,0.0,0.0
-2613.3837366595903,-2233.7014371254,-2266.0795411009026,76.01441258292125
0.0,0.0,0.0,0.0
-2646.8774384960757,-2232.528955676639,-2264.585261572778,76.36643001931488
-2680.2313998404597,-2231.4858831920474,-2268.334800996301,76.32870886984178
0.0,0.0,0.0,0.0
-2714.9869735699444,-2230.5879523579697,-2270.189543302218,75.11310002658038
0.0,0.0,0.0,0.0
-2747.2520155008474,-2229.192619432673,-2271.3367754658852,75.96986604945677
-2780.914167797361,-2228.3928870252903,-2273.6914852330874,74.99829663103048
0.0,0.0,0.0,0.0
-2815.0209606516687,-2227.4742051656635,-2274.367262922584,73.59545193212126
0.0,0.0,0.0,0.0
-2847.404982763965,-2226.193510600975,-2273.8545857983363,73.90223465404294
0.0,0.0,0.0,0.0
-2881.651010508472,-2224.7804947621394,-2270.6407120445256,75.27590512134518
-2914.7068352676974,-2224.23450872881,-2267.118207358101,73.45785559818141
0.0,0.0,0.0,0.0
-2947.9227674570616,-2223.7473925766567,-2264.033452924081,69.9039370297917
0.0,0.0,0.0,0.0
-2980.6533508845146,-2222.5387249915584,-2260.4038433207497,68.96002562586033
-3014.3621740161843,-2221.5309205529516,-2257.901365286898,68.38494618076253
0.0,0.0,0.0,0.0
-3046.5175237680774,-2220.641685012519,-2258.313712973875,67.76507500794654
0.0,0.0,0.0,0.0
-3079.8980828053923,-2219.398085497581,-2253.5191991927327,68.38564645114403
-3112.1962861136817,-2217.8443159847056,-2246.617043778565,71.09404660919186
0.0,0.0,0.0,0.0
-3145.035262662714,-2216.6949142287936,-2242.9582917691564,72.91988120120651
0.0,0.0,0.0,0.0
-3178.484441314132,-2215.601459558877,-2241.6512977757516,73.85970985214414
0.0,0.0,0.0,0.0
-3210.642041183155,-2214.3571857575557,-2238.9357247198595,75.08175350334952
-3242.8152164696053,-2212.6562737799723,-2234.334059722993,78.34451998177609
0.0,0.0,0.0,0.0
-3275.654490737632,-2211.107750118941,-2226.901176166516,81.49558621328461
0.0,0.0,0.0,0.0
-3307.640342596074,-2209.70129215983,-2217.3871382037505,83.86917999114144
-3340.149471662218,-2208.903016535705,-2211.453818710368,83.08313258641546
0.0,0.0,0.0,0.0
0.0,0.0,0.0,0.0
-3376.7628531136475,-2207.3420590063456,-2170.128753887095,82.0458044001465
-3399.589318812737,-2206.5019839596125,-2160.8018371210974,81.91847678814096
0.0,0.0,0.0,0.0
-3434.310258722293,-2205.3303361906387,-2170.7165107538412,81.7293316771817
-3467.633344354855,-2203.8781006431072,-2183.87593415288,82.84954852722194
0.0,0.0,0.0,0.0
-3500.871496011355,-2202.3763215660615,-2196.9639480080714,84.73290816768021
0.0,0.0,0.0,0.0
-3533.765519325507,-2201.107719815333,-2206.6715742483557,85.79036864806233
-3565.6345077777605,-2199.6106446528156,-2212.0669143175755,87.49223148081141
-3598.631538491628,-2198.9922483185223,-2214.904843306926,85.28770594948222
0.0,0.0,0.0,0.0
-3630.880691900631,-2197.8286811431954,-2207.9640528427885,83.5611780500528
-3662.1074845496964,-2196.297448427868,-2200.8078786527535,84.10969814201269
0.0,0.0,0.0,0.0
-3695.205310571341,-2194.994472397243,-2198.169047537878,84.58008310174337
0.0,0.0,0.0,0.0
-3726.7422947375608,-2193.739905047672,-2193.0367402575675,84.84766353795308
0.0,0.0,0.0,0.0
-3758.6059218454698,-2192.609470997755,-2185.857641970444,84.34510641166062
-3789.3815393093582,-2191.2880252947707,-2181.5237303749045,84.66338294014156
0.0,0.0,0.0,0.0
-3821.239521610927,-2190.1964347806843,-2179.2168876590285,84.1677020400324
0.0,0.0,0.0,0.0
-3854.00467219468,-2189.428609333227,-2176.3541698464505,81.66309653087747
-3886.0997709539724,-2188.731361596145,-2173.7125804131915,78.14280361382274
0.0,0.0,0.0,0.0
-3917.961302485389,-2187.75400546525,-2173.8405233058047,75.69148127391213
0.0,0.0,0.0,0.0
-3948.8334919033223,-2186.135423201438,-2170.709127367522,76.78841813740833
0.0,0.0,0.0,0.0
-3981.935964061594,-2184.7025227689983,-2166.7133580398454,78.3772634555164
-4012.7465709539415,-2183.5414357200234,-2166.9670987175746,79.47769392232722
0.0,0.0,0.0,0.0
-4047.592775175628,-2182.439460668793,-2155.2522835845534,78.78564232930079
0.0,0.0,0.0,0.0
-4076.567149428038,-2181.3793482388296,-2148.752811562505,78.41450253424024
-4107.1827943615335,-2180.1955921243075,-2148.080705734016,78.6234778160514
0.0,0.0,0.0,0.0
-4144.555010817249,-2178.9431018502246,-2116.7095269072906,77.10476487212544
-4168.142606199311,-2178.3049753211203,-2108.0270820865394,75.56224190727463
0.0,0.0,0.0,0.0
-4202.240049403485,-2176.5215468902556,-2107.109209988377,77.49266219660723
-4232.531846325428,-2174.965255835607,-2121.2985008747937,81.08849260455273
0.0,0.0,0.0,0.0
-4265.037942165118,-2173.6932640644914,-2143.3054072114546,83.60926626471456
0.0,0.0,0.0,0.0
-4298.272144138599,-2172.826318955173,-2161.5901014191722,83.21458768527293
0.0,0.0,0.0,0.0
-4333.179171232922,-2171.5804558544532,-2151.6178957688007,81.93899195164738
-4360.800604616916,-2169.9682167807446,-2148.959737745772,83.86264464408708
0.0,0.0,0.0,0.0
-4392.1477671877365,-2168.7870050334905,-2147.4414932512877,84.61012847256497
0.0,0.0,0.0,0.0
-4424.053032594392,-2167.5287246035728,-2147.5433827030747,85.01585199466399
-4454.807837252091,-2166.1080060004033,-2154.0504884249012,86.3988811601601
0.0,0.0,0.0,0.0
-4489.146907080094,-2164.542634323306,-2138.759630177096,87.0734390914729
0.0,0.0,0.0,0.0
-4516.398089863732,-2163.8769454124445,-2136.4593342658886,85.6871107197413
-4549.060464542018,-2163.2335930133463,-2138.6685692546766,82.14848227520443
0.0,0.0,0.0,0.0
-4580.741849127102,-2162.014155716482,-2142.6064673028295,80.5129755464582
0.0,0.0,0.0,0.0
-4613.529948260834,-2160.4037034829585,-2135.466344472155,81.05378849725935
-4642.25942278291,-2158.3666564515997,-2133.8844443403045,85.67886687849663
0.0,0.0,0.0,0.0
-4674.67260004801,-2157.19917443485,-2126.9427917309013,87.02086343366076
0.0,0.0,0.0,0.0
-4704.242102373026,-2156.3072737250086,-2126.765820829044,86.42310095193542
-4735.664687180036,-2155.1678767508424,-2125.2335625936794,85.45935910457048
0.0,0.0,0.0,0.0
-4767.580890348455,-2153.9766021479268,-2119.2663734728353,84.38350154194453
0.0,0.0,0.0,0.0
-4787.230635418889,-2153.268170831018,-2071.7403233297086,81.73298590545166
0.0,0.0,0.0,0.0
-4787.287023242544,-2153.9974481820254,-1912.7849371701125,71.8127403081578
-4774.7291577172255,-2154.9839649880796,-1653.5773266633278,57.81848307407434
0.0,0.0,0.0,0.0
-4756.193984668041,-2155.901350704508,-1335.1586949586838,43.13878590992463
0.0,0.0,0.0,0.0
-4735.344292951101,-2156.0854022298236,-997.4051378513236,32.19911355827594
-4712.483496362485,-2155.251393081329,-663.6281689715455,28.398637316560414
0.0,0.0,0.0,0.0
-4689.708041727442,-2153.4728504918935,-351.8806629960053,32.63292975210758
0.0,0.0,0.0,0.0
-4665.76247489395,-2150.5066406349215,-73.55858177818507,45.455764066280864
0.0,0.0,0.0,0.0
-4642.631820765812,-2147.052030013265,172.29442566893346,64.20589907379795
-4620.998979510549,-2144.004619807899,378.4968237382801,82.79534549183991
0.0,0.0,0.0,0.0
-4604.80958475649,-2142.609663674604,523.6226537363474,92.30375642249085
0.0,0.0,0.0,0.0
-4592.611887246367,-2142.319742458019,621.4089194339623,92.86428394138335
-4579.352421701594,-2141.630733690377,686.4872067625525,89.9962151860856
0.0,0.0,0.0,0.0
-4565.437659158323,-2140.139377761513,733.9033027709463,89.1843675494103
0.0,0.0,0.0,0.0
-4550.062329033629,-2138.571578730166,778.7593351921789,90.01258215505266
-4534.608408134036,-2137.1660910867326,818.4905578851946,90.76372610942668
0.0,0.0,0.0,0.0
-4521.775895766635,-2135.9860669819022,842.8791559279974,90.55827594312974
0.0,0.0,0.0,0.0
-4508.469584497777,-2134.676047581835,858.455724587247,90.31115958418636
0.0,0.0,0.0,0.0
-4495.20705974287,-2133.6722676244394,864.5479891724898,88.34711556764314
-4484.20917836766,-2133.0082584262886,858.8610467334458,84.47444878397155
0.0,0.0,0.0,0.0
-4473.7538271491785,-2132.279634269813,845.9677582160045,80.24605684784825
0.0,0.0,0.0,0.0
-4462.762239134856,-2131.50758024321,833.3258276344059,76.35441792510483
-4453.0383864336045,-2130.9766495271056,818.9713036975021,72.01521729082774
0.0,0.0,0.0,0.0
-4442.090473494398,-2130.1469293121795,804.3994348758074,68.67562624470966
0.0,0.0,0.0,0.0
-4432.1817843636245,-2129.370969244567,788.9032122597225,66.00061000614582
0.0,0.0,0.0,0.0
-4422.765716711972,-2128.42731656442,771.2762707439238,64.53769259737861
-4413.676130874762,-2127.2909169482155,752.2534702347418,64.61917987697726
0.0,0.0,0.0,0.0
-4404.608393006886,-2126.089293581977,733.9568381248203,65.77356724441843
0.0,0.0,0.0,0.0
-4395.508193985136,-2125.0946710079193,717.0829356363342,66.43230743576902
0.0,0.0,0.0,0.0
-4384.769341489162,-2123.7634128048867,690.5219986744089,66.13354735233423
-4377.7170983302985,-2123.0008594085957,677.3937445475974,66.66857093926195
0.0,0.0,0.0,0.0
-4368.266773377472,-2122.415378760217,673.9623232886695,65.62101182817904
0.0,0.0,0.0,0.0
-4358.199828251368,-2121.978129732755,672.2626432231561,62.623827630536745
-4348.925736497398,-2121.8014778208258,671.083819693758,57.95965557832944
0.0,0.0,0.0,0.0
-4339.25004677814,-2121.3745731415875,667.2336760589369,53.644696659234974
0.0,0.0,0.0,0.0
-4329.66704995985,-2120.587682824085,663.5311290004083,51.44898259545138
-4320.656181358263,-2119.826997435733,658.120393534482,50.36077272144501
0.0,0.0,0.0,0.0
-4311.880601423201,-2118.9265050800777,648.8234997115496,50.32870379961548
0.0,0.0,0.0,0.0
-4303.281713828895,-2117.820939237449,644.1699646138538,52.313526329715614
-4293.884406516773,-2116.767274068322,641.0077841031688,54.508788934742576
0.0,0.0,0.0,0.0
-4284.5055071080305,-2115.828178507935,636.9896806241968,55.97059525219737
0.0,0.0,0.0,0.0
-4275.419486588339,-2115.0034540597503,632.8326794300115,56.61103041167952
0.0,0.0,0.0,0.0
-4267.203191375701,-2114.7034447376714,626.3892848002445,54.60660514765574
-4258.147263406911,-2114.398310213962,622.9918948594351,51.431125667966676
0.0,0.0,0.0,0.0
-4249.461912528546,-2113.426452024566,620.6199783420186,50.92267906854883
0.0,0.0,0.0,0.0
-4239.838841418653,-2112.1227934054427,620.1081957888558,53.0019031109217
-4231.276332558423,-2111.369475725424,616.6012625565406,53.83772833972937
0.0,0.0,0.0,0.0
-4222.7163839742825,-2110.578200452768,612.8954818465133,54.276938061265135
0.0,0.0,0.0,0.0
-4213.595515770523,-2109.7527144176265,609.3343988703818,54.40736291864523
-4205.749270198756,-2108.754120546412,605.2449569580272,55.611888542822356
0.0,0.0,0.0,0.0
-4196.801757290138,-2107.8519819610306,601.6911424566725,56.39837127100813
0.0,0.0,0.0,0.0
-4188.481926287786,-2107.2799856219585,599.4917403022754,55.829667278930856
0.0,0.0,0.0,0.0
-4180.057875654823,-2106.5567586679795,595.697854167131,55.027422259506565
-4171.582079643488,-2106.1118777035695,590.9172723750677,52.88254560360083
0.0,0.0,0.0,0.0
-4163.28153654075,-2105.752984001381,587.6700734411883,50.02187379804279
0.0,0.0,0.0,0.0
-4154.521819245034,-2105.0531169386177,587.8353151331934,48.53169308703788
-4145.914783700398,-2104.4137843913268,586.5499596686636,47.38081708797685
0.0,0.0,0.0,0.0
-4137.831459902727,-2103.879803633159,582.5762582089251,46.02362543520531
0.0,0.0,0.0,0.0
-4129.911817504744,-2103.20712843189,578.8735790957361,45.41537891528339
0.0,0.0,0.0,0.0
-4121.545945069133,-2102.3288440655792,574.9880248658459,45.93717776661884
-4113.595566098165,-2101.712626809723,572.8974265057711,46.11013687210041
0.0,0.0,0.0,0.0
-4105.035176887241,-2100.864270614279,570.8149375351632,46.810970171068334
0.0,0.0,0.0,0.0
-4096.467919657338,-2099.8982058713405,570.2415207763038,48.35927089312811
-4088.402258904977,-2099.0635269034515,568.9918079738947,49.719659462991
0.0,0.0,0.0,0.0
-4080.4100594162924,-2098.7349792038694,564.5542366277332,48.41247047830582
0.0,0.0,0.0,0.0
-4073.2807358716404,-2098.9498707488606,558.6587372267462,43.7459223476588
-4065.336702432356,-2098.5431177790433,555.612283524539,40.431560616937276
0.0,0.0,0.0,0.0
-4057.6542273699865,-2097.7804199609413,551.0441500464029,39.498743412901376
0.0,0.0,0.0,0.0
-4049.654366879465,-2096.7284723614125,548.4270869715533,41.13556636411118
0.0,0.0,0.0,0.0
-4041.21332127019,-2096.3283280723645,547.5329824024726,40.93142317899773
-4032.874616425142,-2095.60778388693,547.2204383272493,41.26845044700102
0.0,0.0,0.0,0.0
-4025.4525262349584,-2094.6063814265704,546.9522654437233,43.42447917634228
0.0,0.0,0.0,0.0
-4017.6032560113827,-2093.277616083928,545.4974431362252,47.5227669145285
-4010.0792277079054,-2092.4375858507783,541.3891440997177,50.029505813259014
0.0,0.0,0.0,0.0
-4002.9875860374027,-2092.1696810752246,535.2733335451788,49.17649657125214
0.0,0.0,0.0,0.0
-3995.4465653278376,-2091.6806607805775,529.7639834705736,47.63052517199582
0.0,0.0,0.0,0.0
-3987.6178374793353,-2090.414223835982,526.7408393550941,49.32803828220182
-3980.3133273269245,-2090.229319630532,525.2451956036876,47.95374332289293
0.0,0.0,0.0,0.0
-3972.585471252091,-2089.8086150337404,523.5514836888217,45.934038219655484
0.0,0.0,0.0,0.0
-3965.0455298150446,-2089.077452530293,522.071349207343,45.18645959338873
-3957.964689348742,-2088.6023211978218,518.8077441594503,43.984507445725036
0.0,0.0,0.0,0.0
-3950.4491254788286,-2088.162776893819,516.3421580189466,42.44409658870414
0.0,0.0,0.0,0.0
-3943.266450320362,-2087.2796659726228,513.9045914434387,42.880805058125055
-3935.9458825216598,-2086.5792941138147,511.04214617735096,43.351869418043506
0.0,0.0,0.0,0.0
-3928.594087610372,-2086.043114036167,507.5253113459981,43.01447894797358
0.0,0.0,0.0,0.0
0.0,0.0,0.0,0.0
-3919.9253272056835,-2085.101632513334,495.31630635145507,42.76246122492289
-3914.3535414914168,-2084.620939474896,485.17648188826223,42.32086525537409
-3908.681664303685,-2084.074135902841,484.7337639918072,42.80144666737541
0.0,0.0,0.0,0.0
-3900.556132949407,-2083.460522980602,491.79421857491224,43.18357872722405
0.0,0.0,0.0,0.0
-3892.7758439954605,-2082.8216437461233,495.90869981071927,43.2332887850599
-3885.389814583068,-2082.2495632921223,499.262268728419,43.05011654147643
0.0,0.0,0.0,0.0
-3878.202891677397,-2081.6225845840618,499.1690023804128,42.84422143703495
0.0,0.0,0.0,0.0
-3871.274370016196,-2081.2329897853037,497.7366568189872,41.71195137881563
0.0,0.0,0.0,0.0
-3864.70852674762,-2080.8851091321926,491.7702769240843,39.84107314782433
-3858.0602247726547,-2079.9899895480826,487.71907422742345,40.40014147231497
0.0,0.0,0.0,0.0
-3851.2048517607723,-2079.159370112929,483.5119651520656,41.65233016580904
0.0,0.0,0.0,0.0
-3844.4516096606853,-2078.43074795308,480.22921521485455,42.828041921216595
-3837.581796519104,-2077.8774212291914,475.84647583242844,42.878448221030254
0.0,0.0,0.0,0.0
-3831.2364597332926,-2077.5475254692747,471.86845242591744,41.667285195856635
0.0,0.0,0.0,0.0
-3824.119088217067,-2076.329464384372,470.83835045937326,43.78231406260092
-3817.569512384669,-2075.3790632261616,468.26227745797996,46.1420154957727
0.0,0.0,0.0,0.0
-3810.9832836004816,-2074.9101856715934,466.14356614559483,46.43490460249201
0.0,0.0,0.0,0.0
-3804.215262921329,-2074.4519385061285,464.93259612356326,45.601351159593364
0.0,0.0,0.0,0.0
-3797.2990566458757,-2073.90985627392,452.29244564833965,43.54404378024283
-3793.0062144188846,-2073.5673379362474,446.4227429077001,42.120965845551844
0.0,0.0,0.0,0.0
-3786.041767696317,-2073.0662204265127,445.1202709865168,40.86045505376736
0.0,0.0,0.0,0.0
-3779.2676779694157,-2072.0496558331265,445.3821886187981,42.12258761275659
-3772.6711115960525,-2071.4257332011935,444.849030914648,42.672731984466424
0.0,0.0,0.0,0.0
-3766.430700768973,-2070.8524951527297,443.8163247289346,42.76215614467977
0.0,0.0,0.0,0.0
-3760.0136860309885,-2070.611370343962,443.4279959658239,41.134268045343504
-3753.713454225277,-2070.111606543207,442.8010611891764,39.90322385644098
0.0,0.0,0.0,0.0
-3747.1202869729764,-2069.321619519897,439.8675921928213,39.94080224861333
0.0,0.0,0.0,0.0
-3741.724305806626,-2068.394355339585,436.6515393048364,41.78076407759436
0.0,0.0,0.0,0.0
-3735.6452985000474,-2067.6445978317606,432.1106566643749,43.116493776006614
-3729.5329962129927,-2067.0030960949357,428.0583341484221,43.724254884012225
0.0,0.0,0.0,0.0
-3724.145549155938,-2066.2294962145,423.60154096374356,44.79501160274802
0.0,0.0,0.0,0.0
-3717.5367936260936,-2065.5565567976732,422.05205774840954,45.260010324290064
-3710.8928829341,-2065.1260427364828,423.2202399517179,44.44741031218288
0.0,0.0,0.0,0.0
-3704.7495024948134,-2064.3717193036623,423.55031244441113,44.50372030189224
0.0,0.0,0.0,0.0
-3698.5934502838927,-2063.5524355522434,421.4178097239876,45.04362215712524
0.0,0.0,0.0,0.0
-3693.291407415266,-2063.058480805404,417.66563661083256,44.70903508490906
-3687.7726060397918,-2062.535454386225,413.69614994989473,44.01350393617249
0.0,0.0,0.0,0.0
-3681.703468374016,-2061.3944143472204,411.1496536107068,45.80941394328971
0.0,0.0,0.0,0.0
-3675.8658624371087,-2060.470145470058,409.058376691619,47.82439830405874
-3669.9697937876726,-2059.559935929199,406.4197898992906,49.58064422842773
0.0,0.0,0.0,0.0
-3664.5178483213367,-2058.8997204372063,402.17587288721194,50.05836145513953
0.0,0.0,0.0,0.0
-3658.9307148876997,-2058.0149166895008,399.40743648907187,51.066292636213205
-3653.5765677665304,-2058.0083904878843,395.87376004810744,48.26033643630731
0.0,0.0,0.0,0.0
-3648.008658372133,-2057.2088029092206,393.11955014891225,47.28702567055419
0.0,0.0,0.0,0.0
-3642.5928929999827,-2056.5084198418585,389.8081063539541,46.790633282290344
0.0,0.0,0.0,0.0
-3637.0204180222104,-2055.6006719314714,386.7613159041025,47.4298076234572
-3631.530056057114,-2054.6763668456692,384.4306565429357,48.759411077775866
0.0,0.0,0.0,0.0
-3625.980663265532,-2053.7220125526724,383.73895400318696,50.614877593357484
0.0,0.0,0.0,0.0
-3620.8145505597627,-2052.9557143833426,380.09959301854894,51.44460402867456
-3615.338049649248,-2051.940442053821,378.3972158415712,53.09950310091222
-3609.762057316303,-2050.9570105037546,376.5161385580966,54.63358186434506
0.0,0.0,0.0,0.0
-3604.5472626177675,-2050.158992940619,373.0387253223692,55.18325627109722
-3599.7739610134845,-2049.6271375287174,370.1562379023677,54.52406546852535
0.0,0.0,0.0,0.0
-3594.612350324853,-2049.155092270179,366.37145381729056,52.57693825403646
0.0,0.0,0.0,0.0
-3589.3311659550545,-2048.7288737302274,363.52270668352253,50.01763139595997
0.0,0.0,0.0,0.0
-3584.320290679215,-2047.7942737435635,361.528060775049,49.74308219448527
-3579.0748314637362,-2046.9661636843498,359.35516850750406,49.91433383366683
0.0,0.0,0.0,0.0
-3574.0456099607836,-2045.9744463976847,357.546149713397,51.20469746206907
0.0,0.0,0.0,0.0
-3569.014526626763,-2045.0169526310601,355.82060328992185,52.78293187313457
-3564.0348996187713,-2044.1192465096851,353.3425358073876,54.01471612663218
0.0,0.0,0.0,0.0
-3559.0997871125905,-2043.0999431093162,350.132063735938,55.47027160358037
0.0,0.0,0.0,0.0
-3554.419311128949,-2042.6106154868078,346.78086283280055,54.80028864445602
0.0,0.0,0.0,0.0
-3549.876800965339,-2042.010353367354,342.8449854669606,53.58420154283556
-3545.3089517691947,-2041.2690764231047,339.60218145162514,52.89728093821542
0.0,0.0,0.0,0.0
-3540.121167868097,-2040.7390493347389,337.724359676722,51.292681706274614
0.0,0.0,0.0,0.0
-3535.5675854061387,-2040.1932579414313,335.0291702685088,49.58223993305185
-3531.030385930484,-2039.6934877618169,332.3403332694583,47.763230309837404
0.0,0.0,0.0,0.0
-3526.583102735348,-2039.2890199800415,327.2348045728143,45.33265798363708
0.0,0.0,0.0,0.0
-3521.5693740569545,-2039.1262331290513,325.89484446783564,41.92931004037458
-3517.1501945094433,-2038.412074431709,324.7803599272662,40.794650414468606
0.0,0.0,0.0,0.0
-3512.124608387096,-2037.533115626518,324.0021806116803,41.31545994672447
0.0,0.0,0.0,0.0
-3507.6023368738047,-2037.2038308140843,323.63981573295314,40.4777278126042
0.0,0.0,0.0,0.0
-3503.024848595771,-2036.9163573601331,321.9125195919939,38.61696556834074
-3498.626966972034,-2035.6260467206841,319.119321897966,40.83774489941001
0.0,0.0,0.0,0.0
-3494.3180511623373,-2035.3625024470596,317.39744715324207,40.646082422489386
0.0,0.0,0.0,0.0
-3489.735972604684,-2034.7890386813183,315.77057384829584,40.39247230480669
-3485.3484502106894,-2033.8456199753427,313.3225721663926,41.74508059152919
0.0,0.0,0.0,0.0
-3480.7317649422394,-2033.09908117092,312.4101112618489,43.04548882267554
0.0,0.0,0.0,0.0
-3476.400945909873,-2032.9160227036198,309.83978768175115,41.55897775199351
0.0,0.0,0.0,0.0
-3472.357326154979,-2032.7478489999053,306.75891120432226,38.906175734445085
-3468.936502698035,-2032.3423176885103,300.6045272647581,36.87477003363048
0.0,0.0,0.0,0.0
-3464.2907479328014,-2031.9521963427935,297.3702024515261,35.081787209344014
0.0,0.0,0.0,0.0
-3460.5605229256453,-2031.5413445787494,294.1986142236714,33.848682241182416
-3456.290916812203,-2030.650552478281,291.60779550795326,34.9014777571761
0.0,0.0,0.0,0.0
-3452.0704130847416,-2029.6419976876691,289.78686663324396,37.5796782369387
0.0,0.0,0.0,0.0
-3447.901317351847,-2029.1737914036996,288.62585980194774,38.556126952156795
0.0,0.0,0.0,0.0
-3443.93745940147,-2028.827041687483,286.44650018463824,38.00904031838887
-3439.776001288902,-2028.2592370598763,285.1921875400104,37.784123908705624
0.0,0.0,0.0,0.0
-3435.7072441877312,-2028.0400644570284,284.18116746765793,36.195748707892356
0.0,0.0,0.0,0.0
-3432.1054834905735,-2027.581822040023,280.3581272598513,35.001865529060666
-3428.3477285916993,-2027.2792576388636,276.77641576506704,33.4632336599668
0.0,0.0,0.0,0.0
-3424.9206763063153,-2027.0173914921472,272.7589669528711,31.736583106549926
0.0,0.0,0.0,0.0
0.0,0.0,0.0,0.0
-3419.9860681325686,-2026.5844724076612,266.0935035233613,29.95010199017234
-3417.5019913000597,-2026.1416522126235,262.8490017504746,29.656942020771517
-3413.302202645835,-2026.0151752131048,264.30070235910176,28.20098351576435
0.0,0.0,0.0,0.0
-3409.1342778807743,-2025.3070462056762,266.46728792385204,28.867919337581633
0.0,0.0,0.0,0.0
-3405.528656552836,-2025.1507883878944,266.2651808128866,28.00619123877421
-3402.0028003187185,-2025.1991164461776,264.4753856187175,25.538919944775987
0.0,0.0,0.0,0.0
-3398.6974558172483,-2025.185480266234,261.0917107233022,22.715477199759135
0.0,0.0,0.0,0.0
-3395.18395060348,-2024.6795195626632,257.9717526792981,22.08260860701298
0.0,0.0,0.0,0.0
-3391.559416592164,-2024.6105408648325,253.26711547995257,20.481805620662637
-3388.215217934543,-2024.447513724381,250.54901482698114,19.14398788194004
0.0,0.0,0.0,0.0
-3384.4397795013588,-2024.2770501759023,250.43998063411343,18.02924049838395
0.0,0.0,0.0,0.0
-3380.7870811438547,-2024.257726038016,250.1684519314402,16.37613651792788
-3377.180984549944,-2024.368508022714,250.1311855661959,14.00170442006671
0.0,0.0,0.0,0.0
-3374.0888368711758,-2024.3240004921931,246.9490236157585,12.106306767144872
0.0,0.0,0.0,0.0
-3371.0116265124534,-2024.0325033375138,242.64799140509578,11.661992268916592
-3368.251953335529,-2023.3150844889603,237.01000705626464,13.869397863155408
0.0,0.0,0.0,0.0
-3364.737309935992,-2023.1046048224698,234.4000796415032,14.994386696278465
0.0,0.0,0.0,0.0
-3360.8221174115642,-2022.6545967476732,234.8305492563132,16.534907437079415
-3357.325315703034,-2022.1360166203547,235.27470202794166,18.523936062773334
0.0,0.0,0.0,0.0
-3353.939422477016,-2021.613749848265,234.4755275879981,20.528501824605705
0.0,0.0,0.0,0.0
-3350.5773685348813,-2021.115753110712,233.9734664677109,22.428779277644683
0.0,0.0,0.0,0.0
-3348.148744011315,-2021.0259760709948,229.5458175462855,22.338521327054544
-3345.543197408656,-2021.1105541417783,223.58244328712885,20.425785667841588
0.0,0.0,0.0,0.0
-3342.576808182533,-2020.6529054649413,219.48531645669345,20.198415934403
0.0,0.0,0.0,0.0
-3339.7568486081764,-2020.6506880184597,214.9049892030806,18.718991422326997
-3336.593764225903,-2020.1351956348115,212.68827470334986,19.05106042621581
0.0,0.0,0.0,0.0
-3333.660370667423,-2019.9734245478583,211.46098597504007,18.756998226054563
0.0,0.0,0.0,0.0
-3331.050265479255,-2019.6915744993917,208.07092121782165,18.589926901461087
-3327.811236478129,-2019.5402043973565,207.47527610308828,17.989786083139073
0.0,0.0,0.0,0.0
-3324.9228421577377,-2019.2274023338418,206.4236604496466,17.905425030828464
0.0,0.0,0.0,0.0
-3322.032755434684,-2018.4698552813054,204.38799495612554,19.94921232441463
0.0,0.0,0.0,0.0
-3319.051208084978,-2017.9135802990315,203.4601747694054,22.156977450484533
-3316.3060866278324,-2017.3281731603506,202.4001198409831,24.492188586165625
0.0,0.0,0.0,0.0
-3313.4512993034596,-2017.1335129254392,200.35732882704585,24.74898136539376
0.0,0.0,0.0,0.0
-3310.5225979238785,-2016.7263438444668,200.15066643672918,25.189751398385916
-3307.7422362111147,-2016.411069207975,198.75177803523735,25.084863429294213
0.0,0.0,0.0,0.0
-3305.1882638293923,-2016.1660383687272,196.07832491366503,24.441890964757683
0.0,0.0,0.0,0.0
-3302.5929882458695,-2015.8836837999029,194.04142500622368,23.84617639587115
0.0,0.0,0.0,0.0
-3300.258929120578,-2015.6417384544834,190.30697934961557,23.021487107286944
-3297.7360062648686,-2015.1326707037608,187.4440027462327,23.396858238748706
0.0,0.0,0.0,0.0
-3294.811957370123,-2014.7297105770513,187.00743425700466,23.878024732867377
0.0,0.0,0.0,0.0
-3291.9868542325517,-2014.4699778337142,186.13351702488123,23.57905333586202
-3289.5277001617014,-2013.9752098081099,184.5997774081974,24.10132642660482
0.0,0.0,0.0,0.0
-3287.138331526318,-2013.5092717588104,182.61773854831566,24.89123679273556
0.0,0.0,0.0,0.0
-3284.792989240487,-2013.0454297849747,180.16525664046844,25.724369650062563
-3282.216080233393,-2012.8543055710816,178.90342747228,25.34511820884662
0.0,0.0,0.0,0.0
-3280.4322534817256,-2012.9832914561482,174.0428318864431,22.877326073617102
0.0,0.0,0.0,0.0
-3278.4022893717347,-2012.3823504359611,169.13204153476983,22.806526622141135
0.0,0.0,0.0,0.0
-3275.702980927907,-2011.8410144479813,168.03600605482615,23.751598169926968
-3273.269886805714,-2011.6504154382012,167.21067631374703,23.49173405753142
0.0,0.0,0.0,0.0
-3271.3396712036774,-2011.886935600133,164.38853877718321,20.770750043395235
0.0,0.0,0.0,0.0
-3269.198575769814,-2011.5848307128756,161.90654424761306,19.418986703329992
0.0,0.0,0.0,0.0
-3267.1721537375647,-2011.2558049630265,158.17392258690506,18.850923860474417
-3265.1535616770643,-2010.9517016155658,155.46569224682167,18.74844501268509
0.0,0.0,0.0,0.0
-3263.0128875069117,-2010.154927738609,153.67730283379774,21.061535059021303
0.0,0.0,0.0,0.0
-3260.6958591165667,-2009.3489073191488,152.50128261309032,24.273305874024935
-3258.8286051449045,-2008.801004519984,150.53958314401166,26.791837613994087
0.0,0.0,0.0,0.0
-3256.8379342353887,-2008.6939799171785,148.43277080524692,26.72351163653075
0.0,0.0,0.0,0.0
-3255.234126796026,-2008.3451875369296,144.46913198179485,26.424495484651413
-3253.0783467010287,-2007.7868995967465,143.04862798204408,27.115442998901187
0.0,0.0,0.0,0.0
-3251.2986261701785,-2007.4666137752272,140.47688526778092,27.013552612233184
0.0,0.0,0.0,0.0
-3249.9505564843294,-2007.296237517845,136.5080369391151,26.05231872917738
-3248.217655682101,-2007.2935634246544,133.28925152449412,23.87338066423773
0.0,0.0,0.0,0.0
-3246.455341457767,-2006.9789701819489,130.16316586166116,22.552964346585163
0.0,0.0,0.0,0.0
-3244.149659015584,-2006.3440807367158,130.53294220785278,23.268207334795388
0.0,0.0,0.0,0.0
-3241.7825656835985,-2005.4192658071786,132.38592105279287,26.132776705265172
-3240.366084842719,-2005.2399648087094,130.92845624025665,26.635921236795326
0.0,0.0,0.0,0.0
-3239.1371788007255,-2004.503037466266,127.52419471377573,28.54217143979316
0.0,0.0,0.0,0.0
-3237.8592620384875,-2004.1887501310666,123.08628369568257,28.979415447737505
-3235.8626749719697,-2003.531197767765,121.48943292740584,30.15026960359661
0.0,0.0,0.0,0.0
-3234.3132326971095,-2003.0739911009052,120.01212945675626,30.907118285630922
0.0,0.0,0.0,0.0
-3232.7064214987804,-2003.0379723394553,118.2501081557451,29.332468404453717
0.0,0.0,0.0,0.0
-3231.756462123191,-2003.2029980293523,113.93130948202665,25.916469655540602
-3229.95062935069,-2003.0175305871069,112.35573668643855,23.35596969126518
0.0,0.0,0.0,0.0
0.0,0.0,0.0,0.0
-3227.964386057704,-2002.671099743993,109.7774150274034,21.70761434239957
-3226.8333410911023,-2002.3399538770395,108.52135280790131,21.247469692787455
-3225.051488692216,-2002.1987950682933,109.82294380935357,20.398024185830895
0.0,0.0,0.0,0.0
-3223.7934571407814,-2002.0744423898343,108.72227521506872,19.168862180892074
0.0,0.0,0.0,0.0
-3222.1258463569543,-2001.3056148129133,108.67282106960184,20.782726538481437
0.0,0.0,0.0,0.0
-3220.6122960964444,-2001.3680892720274,108.03081848248384,19.895499966752663
-3219.1078264810008,-2001.0183303186477,107.08375777235513,19.66565173399792
0.0,0.0,0.0,0.0
-3217.70254540013,-2000.9457448477785,106.3034065294807,18.66093240312431
0.0,0.0,0.0,0.0
-3216.7611461209053,-2000.827905836587,102.99253014044635,17.447141114967092
-3215.548465508053,-2000.556450794334,99.92094146405911,16.89893755545117
0.0,0.0,0.0,0.0
-3214.6134485958887,-2000.7862394039973,95.93729200137295,14.497238991585087
0.0,0.0,0.0,0.0
-3213.958449345601,-2000.7006514494915,90.56657160655041,12.740202783469936
-3212.9980809144886,-2000.4632765901551,86.2974087234021,12.096871354793283
0.0,0.0,0.0,0.0
-3211.8779811714744,-2000.1511074391876,83.48524951883886,12.36960017446363
0.0,0.0,0.0,0.0
-3210.7140156301966,-2000.2892317098615,81.9223728163337,11.095654346985954
0.0,0.0,0.0,0.0
-3209.452495879308,-1999.884139651893,81.36854511844862,11.540049419465053
-3207.85861845527,-1999.7431407554498,82.78892386892501,11.621509715350392
0.0,0.0,0.0,0.0
-3206.900461186457,-2000.0947651204,82.0996012351464,9.332479800030427
0.0,0.0,0.0,0.0
-3206.0041632891393,-2000.1252850537749,80.48999875078583,7.450870913419893
-3205.095556899291,-2000.034157811915,78.61768047566778,6.438529910031494
0.0,0.0,0.0,0.0
-3204.4464939078625,-1999.849163152726,75.30485959877839,6.334737862247632
0.0,0.0,0.0,0.0
-3203.3081409853826,-1999.894527773952,73.88721026550196,5.674086639714861
0.0,0.0,0.0,0.0
-3201.8645164355285,-1999.8606056575816,74.43067771568221,5.117057570550681
-3200.957839577264,-1999.6420547928567,74.05100953086959,5.4857019301722225
0.0,0.0,0.0,0.0
-3200.3555098800025,-1999.4047841400748,71.74873303864356,6.373743778092072
0.0,0.0,0.0,0.0
-3198.9967118589107,-1999.3100417933492,71.86153609523099,6.801128001830679
-3198.4098797567185,-1999.1534727553424,69.98923090336027,7.28645668258601
-3197.732679149098,-1999.386467033014,67.2789530616723,5.9954216695297085
0.0,0.0,0.0,0.0
-3197.2789752106305,-1999.4664934361374,63.51999789963402,4.61268913587879
-3196.710994450132,-1999.668313778629,60.1195361900021,2.7213239412897123
0.0,0.0,0.0,0.0
-3196.3464121195907,-1999.874716999944,56.031778667753485,0.7113471738885946
0.0,0.0,0.0,0.0
-3195.3551329742163,-1999.8594934429652,54.87979982229656,-0.286437449112969
0.0,0.0,0.0,0.0
-3194.589430578301,-1999.8276972571057,54.08728032770869,-0.6145718474430377
-3194.248551290819,-1999.7038111935697,51.48334711899887,-0.18724000202566615
0.0,0.0,0.0,0.0
-3194.0249437180223,-1999.7430037606755,47.976474846965544,-0.1314061911037783
0.0,0.0,0.0,0.0
-3193.4898647666464,-1999.679591391762,45.45517438937645,0.1870065100921165
-3193.2447794828477,-1999.641703806254,42.26978643742429,0.4965804975678878
0.0,0.0,0.0,0.0
-3192.845922398158,-1999.720650713079,39.738927154457166,0.26826922564419686
0.0,0.0,0.0,0.0
-3192.466496048398,-1999.6229731140725,37.45927326447085,0.5687835003321483
0.0,0.0,0.0,0.0
-3192.426327695306,-1999.4040599914406,34.107717517299236,1.6577885058376265
-3192.520542897423,-1999.6621948507016,29.794286508133666,0.9362397094296911
0.0,0.0,0.0,0.0
-3192.8498217752904,-1999.594320854021,24.24918829590724,0.8208766502496215
0.0,0.0,0.0,0.0
-3192.7498544474292,-1999.61121226766,20.35958980036822,0.6348577313388185
-3192.7307837941617,-1999.3861068135388,17.19069431812507,1.5062318771019632
0.0,0.0,0.0,0.0
-3192.4922164049844,-1999.2457918157288,15.537182278329018,2.4228984992502465
0.0,0.0,0.0,0.0
-3192.634241263784,-1999.4069122973008,13.095072387361952,2.0255282936448427
0.0,0.0,0.0,0.0
-3192.5952495175898,-1999.3655856521857,11.202303846107947,1.8784597388399473
-3192.437378514282,-1999.2730252976785,10.239266083910207,2.0971053057874567
0.0,0.0,0.0,0.0
-3192.479034138837,-1999.164789294629,8.917699633094932,2.5630476381037077
0.0,0.0,0.0,0.0
-3192.688906037485,-1999.005904511644,6.750551600763115,3.3090402234374108
-3193.1011983491594,-1998.8826740945838,3.4177064720486894,4.004961273154859
0.0,0.0,0.0,0.0
-3193.561881763347,-1999.151340342024,-0.5280187854621832,2.898734294489766
0.0,0.0,0.0,0.0
-3193.5979765137026,-1999.0520468495702,-2.590740354768768,2.605673427693282
-3193.507512882137,-1998.8199069009286,-3.052092884723422,3.3285753421775572
0.0,0.0,0.0,0.0
-3193.437528077248,-1998.626701742351,-2.7688255534142376,4.329613255634409
0.0,0.0,0.0,0.0
-3193.543480996782,-1998.3121513934068,-2.90745309046115,5.887054219062375
0.0,0.0,0.0,0.0
-3193.76719400859,-1997.920401805267,-3.7642719162972575,7.977835211436141
-3193.830306064252,-1997.816060423895,-4.240353844863029,8.994277579876469
0.0,0.0,0.0,0.0
-3193.9693764823155,-1997.688872350746,-4.818979300437341,9.475575194201834
0.0,0.0,0.0,0.0
-3193.7210386904776,-1997.1682108863845,-3.6856883080980825,11.43025714381592
-3193.871666190201,-1996.8827093859088,-3.5534735118998078,12.859665747953972
0.0,0.0,0.0,0.0
-3193.810658414008,-1996.5976913601369,-2.983329386466043,13.940934232973866
0.0,0.0,0.0,0.0
-3193.695934250276,-1996.5113749671737,-1.992119349326456,14.012412940433885
-3193.770950089563,-1996.646537954169,-1.7112335201425788,12.501334741259123
0.0,0.0,0.0,0.0
-3193.7610830725594,-1996.342429897465,-1.4167907581726682,12.3117399494062
0.0,0.0,0.0,0.0
-3193.8533316980215,-1996.239961664115,-1.5873450498377553,11.845483726116118
0.0,0.0,0.0,0.0
-3193.8485962753316,-1995.9428945320335,-1.5427924978035856,12.130097883039369
-3193.8680200342155,-1995.7468246263054,-1.5070162942590777,12.357469931185232
0.0,0.0,0.0,0.0
-3193.8546333501295,-1995.5103688715851,-1.3299593914451389,12.690565325037111
0.0,0.0,0.0,0.0
-3193.980003261895,-1995.4041851396203,-1.719247328431766,12.540168511650633
-3194.1259027053075,-1995.6261231543826,-2.443264584968252,10.644368934244596
0.0,0.0,0.0,0.0
-3193.9944784111485,-1995.5404424288793,-2.056832914036266,9.39096066075191
0.0,0.0,0.0,0.0
-3193.615520030547,-1995.8610201697707,-0.06022588831378828,6.73994255941276
-3193.5765356070065,-1995.9802561775766,1.1441686681074843,4.425728141086326
0.0,0.0,0.0,0.0
0.0,0.0,0.0,0.0
-3193.8043742013,-1995.720263726608,0.6091621492000259,4.177773339730674
-3193.8918929208185,-1995.69597704502,-0.1468421388515806,3.968319670044515
0.0,0.0,0.0,0.0
-3193.8390158917327,-1995.688215929031,-0.27945073639243734,3.6611584033070206
-3193.6800573171527,-1995.8840386543625,0.4052602191943445,2.361927009977502
0.0,0.0,0.0,0.0
-3193.3304507363587,-1995.8974216314473,2.3294036648165126,1.483176492734152
0.0,0.0,0.0,0.0
-3193.6618928237854,-1995.753532683113,1.6357688587464,1.5968545355405959
0.0,0.0,0.0,0.0
0.0,0.0,0.0,0.0
-3193.74357280567,-1996.1813029095094,0.9335483539626845,-0.10624410998683942
-3193.724090515438,-1996.019372294615,0.6073869137990754,-0.25948816313233636
0.0,0.0,0.0,0.0
-3193.740650808451,-1995.8600486479693,0.31454812892137235,0.41091039768162485
-3193.6103602139724,-1996.0766458014045,0.7762895801406657,-0.2938180525657458
-3193.971459382375,-1995.8079460593956,-0.7864720469702285,0.6689290932592022
0.0,0.0,0.0,0.0
-3193.9918048458194,-1995.736211045633,-1.5837183061789937,1.4170611611495902
0.0,0.0,0.0,0.0
-3193.915022152096,-1995.7463239584285,-1.5379849794296192,1.6548832159168891
-3193.968697854147,-1995.9080366089338,-1.6515225158343765,0.9485651100778101
0.0,0.0,0.0,0.0
-3193.796436685666,-1996.0093652961189,-0.8469306391398161,0.1195268891019865
0.0,0.0,0.0,0.0
-3194.1242204987075,-1995.8560210532526,-1.839352905427425,0.3667035976945142
-3193.714001973864,-1995.9308018196164,-0.3706258761128929,0.1301952064076902
0.0,0.0,0.0,0.0
-3193.807763039821,-1995.7729311155495,-0.048140203103027024,0.7091072990306744
0.0,0.0,0.0,0.0
-3193.839037427335,-1995.6140450464204,-0.02258150323007614,1.6673145190995995
0.0,0.0,0.0,0.0
0.0,0.0,0.0,0.0
0.0,0.0,0.0,0.0
0.0,0.0,0.0,0.0
0.0,0.0,0.0,0.0
0.0,0.0,0.0,0.0
0.0,0.0,0.0,0.0
0.0,0.0,0.0,0.0
0.0,0.0,0.0,0.0
0.0,0.0,0.0,0.0
0.0,0.0,0.0,0.0
0.0,0.0,0.0,0.0
0.0,0.0,0.0,0.0
0.0,0.0,0.0,0.0
0.0,0.0,0.0,0.0
0.0,0.0,0.0,0.0
0.0,0.0,0.0,0.0
0.0,0.0,0.0,0.0
0.0,0.0,0.0,0.0
0.0,0.0,0.0,0.0
0.0,0.0,0.0,0.0
0.0,0.0,0.0,0.0
0.0,0.0,0.0,0.0
0.0,0.0,0.0,0.0
0.0,0.0,0.0,0.0
0.0,0.0,0.0,0.0
0.0,0.0,0.0,0.0
0.0,0.0,0.0,0.0
0.0,0.0,0.0,0.0
